localization; username      ; content
Paris       ; jean.dupond   ; this is a tweet text with #someHashtags
London      ; javacodegeeks ; Asynchronous RDBMS access with #Spring Data R2DBC | #Java Code Geeks - 2020
New York    ; reuters       ; The lockdown restrictions have caused delays to mission Mars. While NASA has closed rocket production facilities, a joint Russian-European mission to send a rover to Mars has been postponed by two years
Miami       ; javacodegeeks ; Real User Monitoring vs. Synthetic Monitoring: which one���s best for you? | #Java Code Geeks - 2020
Los Angeles ; afp           ; #BREAKING Democrat Joe Biden says he'll keep US embassy in Jerusalem if elected president
Bombay      ; rhdevelopers  ; Missed the live demo at #RHSummit from @burrsutter today? Watch it on-demand here. #K8s  #hybridcloud #Kubernetes.
Paris       ; gadgethax     ; Did you know about all of these for the iPhone SE?
London      ; lefigaro      ; Pourquoi le discours d'Elizabeth II à son peuple le 8 mai devrait être historique #ElizabertII #Discours #People #Société #UK #Reine https://madame.lefigaro.fr/celebrites/elizabeth-ii-sadressera-aux-britanniques-le-8-mai-discours-historique-coronavirus-guerre-mondiale-290420-180870?utm_medium=SocialMadame&utm_source=Twitter#Echobox=1588175975
New York    ; afp           ; #BREAKING #CoronavirusPandemic  'poses considerable risks' to US economy, US Federal Reserve says, as it leaves key interest rate at zero
Miami       ; afp           ; #BREAKING Facebook earnings climb amid user growth during #CoronavirusPandemic ; stock jumps
Los Angeles ; afp           ; #UPDATE Fed Chair Jerome Powell warned that "economic activity will likely drop at a unprecedented rate in the second quarter" at a rate "worse than we've seen" and accompanied by high unemployment
Bombay      ; reuters       ; From @Breakingviews : Americans will never fill movie theaters again https://reut.rs/2zIks46 @jennifersaba
Paris       ; jean.dupond   ; this is a tweet text with #someHashtags
London      ; xdadevelopers ; Google Home app may soon let you set a separate volume level for the Google Assistant
New York    ; reuters       ; With streaming services gaining traction, the notion that America’s cinemas will fill up again post-outbreak may be as quaint as a silent film, writes @jennifersaba https://bit.ly/2W82W0K
Miami       ; reuters       ; U.S. coronavirus outbreak soon to be deadlier than any flu since 1967 as deaths top 60,000 https://reuters.com/article/us-health-coronavirus-usa-casualties-idUSKBN22B32C?taid=5ea9ecb306bb9b0001402d9b&utm_campaign=trueAnthem%3A+Trending+Content&utm_medium=trueAnthem&utm_source=twitter
Los Angeles ; afp           ; More than 1,300 #COVID19 cases, including one death, have been linked to Cargill and JBS processing plants in the western province of Alberta, which supply 70 percent of Canada's meat
Bombay      ; javacodegeeks ; Monitoring an #ADF Application in a Docker Container, Easy Way | #Java Code Geeks - 2020
Paris       ; afp           ; #BREAKING #CoronavirusPandemic  'poses considerable risks' to US economy, US Federal Reserve says, as it leaves key interest rate at zero
Paris       ; afp           ; #UPDATE Facebook shares jumped some 10 percent after it reported profit of $4.9 billion on revenue that grew 17 percent during the first trimester, but warned of "unprecedented uncertainty" about the future due to the #COVID-19 pandemic
Paris       ; jean.dupond   ; Avec la crise du #COVID19 et ses mesures de confinement, la période est difficile pour l’économie. + que jamais les citoyens ont besoin d’être informés au plus près. La presse locale joue alors un rôle majeur. Bcp ont compris qu’il faut la soutenir. Alors merci pour ça Arrow pointing rightwards then curving downwards Clapping hands sign #PHR
New York    ; xdadevelopers ; Your Phone app on Windows 10 tests controlling music playback on your Android device
Los Angeles ; reuters       ; Streaming-only movies will be eligible to compete in 2021 Academy Awards for the first time https://reut.rs/2WnckOf
Paris       ; afp           ; #BREAKING COVID-19: Gilead Sciences reports positive data from trial of antiviral drug #remdesivir
Paris       ; afp           ; #UPDATE "The data shows that #remdesivir has a ... positive effect in diminishing the time to recovery," said top US allergy and infectious disease specialist Anthony Fauci, adding that it proves "that a drug can block" the novel #coronavirus
Paris       ; afp           ; #UPDATE #COVID-19 patients on the antiviral drug #remdesivir recovered more than 30 percent faster than those on a placebo, a major US clinical trial showed - the first time a medication has been shown to improve outcomes against the novel #coronavirus
New York    ; reuters       ; Facebook beats Wall Street estimates for quarterly revenue, sending shares up more than 8% after the bell https://reut.rs/2KHqpR5 $FB
Paris       ; lefigaro      ; Alarm clock12h : Un chef vient #CuisinerConfiné pour votre recette quotidienne Green salad Alarm clock13h : Le #COVID19 expliqué par @dmascret. Mais pour ça, il a besoin de VOS questions Double exclamation mark Dès 14h30 en DIRECT : les auditions des ministres

Paris       ; jean.dupond   ;
London      ; rick.martin   ;
New York    ; john.doe      ;
Miami       ; rick.martin   ;
Los Angeles ; paul.smith    ;
Bombay      ; aadesh.patel  ;
